LG AKB73975712,39431,1.00,18.00
Samsung 3F14-00034-980,38362,1.00,14.00
Samsung 3F14-00038-091,38363,1.00,14.00
Samsung AA59-00104A,38364,1.00,15.00
Samsung AA59-00104D,38365,1.00,14.00
Samsung AA59-00198D,37986,1.00,14.00
Samsung AA59-00198F,38416,1.00,11.00
Samsung AA59-00198G,38417,1.00,
Samsung AA59-00332D,39289,1.00,17.00
Samsung AA59-00357B,39290,1.00,22.00
Samsung AA59-00370A,39291,1.00,17.00
Samsung AA59-00370B,38418,2.00,34.00
Samsung AA59-00401B,38367,3.00,54.00
Samsung AA59-00431A,37988,1.00,17.00
Samsung AA59-00483A,38368,1.00,18.00
Samsung AA59-00507A,38217,3.00,51.00
SAMSUNG AA59-00594A,39538,1.00,18.00
Samsung AA59-00603A,37990,1.00,17.00
Samsung AA59-00630A,37991,1.00,15.00
Samsung AA59-00666A (AA59-00741A),38307,1.00,15.00
Samsung AA59-00741A,37992,1.00,15.00
Samsung AA59-00793A,37995,1.00,17.00
Samsung AH59-01695N,39605,1.00,17.00
Samsung AH59-01778Y,39606,1.00,15.00
Samsung BN59-00437A,38237,2.00,32.00
Samsung BN59-00529A,37996,1.00,17.00
Samsung BN59-00529A,38218,1.00,19.00
Samsung BN59-00602A,38240,2.00,44.00
Samsung BN59-00609A,38419,1.00,16.00
Samsung BN59-00863A,38420,1.00,17.00
Samsung BN59-00865A,39292,1.00,17.00
Samsung BN59-01005A,38219,1.00,15.00
Samsung BN59-01040A,38654,2.00,42.00
Samsung BN59-01259B,38917,1.00,24.00
Samsung BN59-01268D,38565,1.00,15.00
Universal remote control for Samsung LED / LCD TV PIL1040,38082,1.00,15.00
Âàëþòà: EUR,,44.00,732.00
